system:index,OWT_Pahlevan2021,acdom440,chla_ugL,date,depth_m,dic_mgL,doc_mgL,dtc_mgL,lake_name,lat,long,pheophytin_ugL,phycocianin_ugL,responsible,secchi_m,state,station_name,time_GMT,tsi_mgL,tso_mgL,tss_mgL,turbidity_NTU,﻿BR_ID,.geo
00000000000000000001,7,"1,44","2,95",02/09/2022,"2,70",NA,NA,NA,Antonina Bay,"-25,41","-48,71",NA,NA,MauricioNoenberg_UFSC,"0,80",PR,Antonina_02_2022_Z1QV,20:09:00,"9,55","3,70","13,25","10,31",BR_ID_30,"{""type"":""MultiPoint"",""coordinates"":[]}"
00000000000000000003,7,"1,56",NA,02/09/2022,"1,20",NA,NA,NA,Antonina Bay,"-25,42","-48,69",NA,NA,MauricioNoenberg_UFSC,"1,00",PR,Antonina_02_2022_Z2QV,19:32:00,"19,29","5,83","25,12","9,47",BR_ID_32,"{""type"":""MultiPoint"",""coordinates"":[]}"
00000000000000000005,4,"0,91","9,04",02/09/2022,"2,70",NA,NA,NA,Antonina Bay,"-25,44","-48,69",NA,NA,MauricioNoenberg_UFSC,"1,40",PR,Antonina_02_2022_Z3QV,18:51:00,NA,NA,NA,"5,00",BR_ID_34,"{""type"":""MultiPoint"",""coordinates"":[]}"
00000000000000000007,4,"1,08","3,88",02/09/2022,"3,90",NA,NA,NA,Antonina Bay,"-25,46","-48,66",NA,NA,MauricioNoenberg_UFSC,"2,00",PR,Antonina_02_2022_Z4QV,17:58:00,NA,NA,NA,"2,44",BR_ID_36,"{""type"":""MultiPoint"",""coordinates"":[]}"
00000000000000000009,4,"1,38","4,61",02/09/2022,"3,30",NA,NA,NA,Antonina Bay,"-25,49","-48,66",NA,NA,MauricioNoenberg_UFSC,"1,60",PR,Antonina_02_2022_Z5QV,17:00:00,NA,NA,NA,"2,72",BR_ID_38,"{""type"":""MultiPoint"",""coordinates"":[]}"
0000000000000000000b,4,"0,94","4,43",02/09/2022,"6,20",NA,NA,NA,Antonina Bay,"-25,47","-48,64",NA,NA,MauricioNoenberg_UFSC,"2,20",PR,Antonina_02_2022_Z6QV,16:00:00,NA,NA,NA,"2,33",BR_ID_40,"{""type"":""MultiPoint"",""coordinates"":[]}"
00000000000000000002,4,"0,37","9,41",02/14/2022,"4,30",NA,NA,NA,Antonina Bay,"-25,41","-48,71",NA,NA,MauricioNoenberg_UFSC,"1,80",PR,Antonina_02_2022_Z1SV,19:05:00,"2,87","1,79","4,66","2,04",BR_ID_31,"{""type"":""MultiPoint"",""coordinates"":[]}"
00000000000000000004,4,"0,34","7,75",02/14/2022,"5,70",NA,NA,NA,Antonina Bay,"-25,42","-48,69",NA,NA,MauricioNoenberg_UFSC,"1,60",PR,Antonina_02_2022_Z2SV,18:23:00,"1,67","1,53","3,19","2,40",BR_ID_33,"{""type"":""MultiPoint"",""coordinates"":[]}"
00000000000000000006,4,"0,46","6,64",02/14/2022,"5,30",NA,NA,NA,Antonina Bay,"-25,44","-48,69",NA,NA,MauricioNoenberg_UFSC,"1,60",PR,Antonina_02_2022_Z3SV,17:33:00,"2,30","1,73","4,03","2,51",BR_ID_35,"{""type"":""MultiPoint"",""coordinates"":[]}"
00000000000000000008,4,"0,31","6,64",02/14/2022,"4,20",NA,NA,NA,Antonina Bay,"-25,46","-48,66",NA,NA,MauricioNoenberg_UFSC,"2,00",PR,Antonina_02_2022_Z4SV,16:53:00,"2,97","2,19","5,16","2,57",BR_ID_37,"{""type"":""MultiPoint"",""coordinates"":[]}"
0000000000000000000a,4,"0,34","11,63",02/14/2022,"3,00",NA,NA,NA,Antonina Bay,"-25,49","-48,66",NA,NA,MauricioNoenberg_UFSC,"1,80",PR,Antonina_02_2022_Z5SV,16:17:00,"2,87","2,16","5,03","3,74",BR_ID_39,"{""type"":""MultiPoint"",""coordinates"":[]}"
0000000000000000000c,2,"0,41","5,35",02/14/2022,"5,30",NA,NA,NA,Antonina Bay,"-25,47","-48,64",NA,NA,MauricioNoenberg_UFSC,"2,20",PR,Antonina_02_2022_Z6SV,15:33:00,"2,90","0,93","3,83","2,75",BR_ID_41,"{""type"":""MultiPoint"",""coordinates"":[]}"
0000000000000000000d,2,"0,73",NA,07/18/2024,"10,40",NA,NA,NA,Antonina Bay,"-25,48","-48,64",NA,NA,MauricioNoenberg_UFSC,"1,20",PR,Antonina_07_2024_VT19,18:38:00,NA,NA,"4,57","4,51",BR_ID_42,"{""type"":""MultiPoint"",""coordinates"":[]}"
0000000000000000000e,4,NA,NA,07/18/2024,"8,60",NA,NA,NA,Antonina Bay,"-25,47","-48,64",NA,NA,MauricioNoenberg_UFSC,"1,40",PR,Antonina_07_2024_VT20_1,18:19:00,NA,NA,"4,57","4,51",BR_ID_43,"{""type"":""MultiPoint"",""coordinates"":[]}"
0000000000000000000f,4,"0,64",NA,07/18/2024,"8,20",NA,NA,NA,Antonina Bay,"-25,47","-48,64",NA,NA,MauricioNoenberg_UFSC,"1,00",PR,Antonina_07_2024_VT20_2,19:52:00,NA,NA,"15,03","12,47",BR_ID_44,"{""type"":""MultiPoint"",""coordinates"":[]}"
00000000000000000010,4,"0,73",NA,07/18/2024,"4,20",NA,NA,NA,Antonina Bay,"-25,49","-48,66",NA,NA,MauricioNoenberg_UFSC,"1,00",PR,Antonina_07_2024_VT21,18:50:00,NA,NA,"6,18","5,84",BR_ID_45,"{""type"":""MultiPoint"",""coordinates"":[]}"
00000000000000000013,4,"0,94",NA,07/18/2024,"4,60",NA,NA,NA,Antonina Bay,"-25,45","-48,67",NA,NA,MauricioNoenberg_UFSC,"1,00",PR,Antonina_07_2024_VT24,19:09:00,NA,NA,"5,71","5,46",BR_ID_48,"{""type"":""MultiPoint"",""coordinates"":[]}"
00000000000000000015,4,"1,17",NA,07/18/2024,"4,30",NA,NA,NA,Antonina Bay,"-25,43","-48,69",NA,NA,MauricioNoenberg_UFSC,"1,00",PR,Antonina_07_2024_VT26,19:27:00,NA,NA,"9,13","8,14",BR_ID_50,"{""type"":""MultiPoint"",""coordinates"":[]}"
00000000000000000011,4,"0,42",NA,07/23/2024,"2,50",NA,NA,NA,Antonina Bay,"-25,46","-48,66",NA,NA,MauricioNoenberg_UFSC,"1,00",PR,Antonina_07_2024_VT22,18:32:00,NA,NA,"9,64","8,54",BR_ID_46,"{""type"":""MultiPoint"",""coordinates"":[]}"
00000000000000000012,4,"0,55",NA,07/23/2024,"1,50",NA,NA,NA,Antonina Bay,"-25,47","-48,67",NA,NA,MauricioNoenberg_UFSC,"0,85",PR,Antonina_07_2024_VT23,18:50:00,NA,NA,"12,34","10,55",BR_ID_47,"{""type"":""MultiPoint"",""coordinates"":[]}"
00000000000000000014,4,NA,NA,07/23/2024,"2,90",NA,NA,NA,Antonina Bay,"-25,44","-48,68",NA,NA,MauricioNoenberg_UFSC,"0,65",PR,Antonina_07_2024_VT25,19:10:00,NA,NA,"19,83","15,83",BR_ID_49,"{""type"":""MultiPoint"",""coordinates"":[]}"
00000000000000000016,4,"0,81",NA,07/23/2024,"1,90",NA,NA,NA,Antonina Bay,"-25,42","-48,70",NA,NA,MauricioNoenberg_UFSC,"0,65",PR,Antonina_07_2024_VT27,19:37:00,NA,NA,"23,45","18,26",BR_ID_51,"{""type"":""MultiPoint"",""coordinates"":[]}"
00000000000000000017,4,"0,68",NA,07/23/2024,"2,90",NA,NA,NA,Antonina Bay,"-25,41","-48,71",NA,NA,MauricioNoenberg_UFSC,"1,35",PR,Antonina_07_2024_VT28,19:53:00,NA,NA,"6,86","6,39",BR_ID_52,"{""type"":""MultiPoint"",""coordinates"":[]}"
00000000000000000018,4,"0,66",NA,07/23/2024,"3,00",NA,NA,NA,Antonina Bay,"-25,43","-48,70",NA,NA,MauricioNoenberg_UFSC,"0,95",PR,Antonina_07_2024_VT29,20:11:00,NA,NA,"11,36","9,83",BR_ID_53,"{""type"":""MultiPoint"",""coordinates"":[]}"
00000000000000000019,4,"0,55",NA,07/23/2024,"4,60",NA,NA,NA,Antonina Bay,"-25,44","-48,70",NA,NA,MauricioNoenberg_UFSC,"0,80",PR,Antonina_07_2024_VT30,20:25:00,NA,NA,"10,72","9,35",BR_ID_54,"{""type"":""MultiPoint"",""coordinates"":[]}"
00000000000000000022,4,"0,87","8,97",09/20/2022,"5,10",NA,NA,NA,Antonina Bay,"-25,47","-48,64",NA,NA,MauricioNoenberg_UFSC,"1,80",PR,Antonina_09_2022_Z6QI,15:11:00,NA,NA,NA,"3,01",BR_ID_63,"{""type"":""MultiPoint"",""coordinates"":[]}"
0000000000000000001a,4,"0,92","6,20",09/22/2022,"6,60",NA,NA,NA,Antonina Bay,"-25,41","-48,71",NA,NA,MauricioNoenberg_UFSC,"1,20",PR,Antonina_09_2022_Z1QI,15:32:00,"4,68","1,25","5,93","7,02",BR_ID_55,"{""type"":""MultiPoint"",""coordinates"":[]}"
0000000000000000001c,4,"1,87","6,31",09/22/2022,"5,10",NA,NA,NA,Antonina Bay,"-25,42","-48,69",NA,NA,MauricioNoenberg_UFSC,"1,40",PR,Antonina_09_2022_Z2QI,16:38:00,"2,32","1,13","3,45","13,58",BR_ID_57,"{""type"":""MultiPoint"",""coordinates"":[]}"
0000000000000000001d,4,"0,60","6,31",09/22/2022,"5,40",NA,NA,NA,Antonina Bay,"-25,44","-48,69",NA,NA,MauricioNoenberg_UFSC,"2,00",PR,Antonina_09_2022_Z3QI,17:12:00,"2,74","1,49","4,23","2,85",BR_ID_58,"{""type"":""MultiPoint"",""coordinates"":[]}"
0000000000000000001f,2,"0,86","6,64",09/22/2022,"4,60",NA,NA,NA,Antonina Bay,"-25,46","-48,66",NA,NA,MauricioNoenberg_UFSC,"2,60",PR,Antonina_09_2022_Z4QI,16:57:00,"1,22","0,87","2,09","1,23",BR_ID_60,"{""type"":""MultiPoint"",""coordinates"":[]}"
00000000000000000020,2,"1,14","6,76",09/22/2022,"3,70",NA,NA,NA,Antonina Bay,"-25,49","-48,66",NA,NA,MauricioNoenberg_UFSC,"2,00",PR,Antonina_09_2022_Z5QI,18:30:00,"1,86","1,17","3,03","2,67",BR_ID_61,"{""type"":""MultiPoint"",""coordinates"":[]}"
0000000000000000001b,7,"1,29","3,99",09/27/2022,"4,90",NA,NA,NA,Antonina Bay,"-25,41","-48,71",NA,NA,MauricioNoenberg_UFSC,"0,30",PR,Antonina_09_2022_Z1SI,15:55:00,"23,29","4,59","27,87","21,15",BR_ID_56,"{""type"":""MultiPoint"",""coordinates"":[]}"
0000000000000000001e,4,"0,93","5,09",09/27/2022,"3,00",NA,NA,NA,Antonina Bay,"-25,44","-48,69",NA,NA,MauricioNoenberg_UFSC,"1,00",PR,Antonina_09_2022_Z3SI,16:34:00,"15,97","3,09","19,05","17,40",BR_ID_59,"{""type"":""MultiPoint"",""coordinates"":[]}"
00000000000000000021,7,"1,19","5,98",09/27/2022,"2,30",NA,NA,NA,Antonina Bay,"-25,49","-48,66",NA,NA,MauricioNoenberg_UFSC,"0,50",PR,Antonina_09_2022_Z5SI,17:16:00,"48,64","8,61","57,26","61,01",BR_ID_62,"{""type"":""MultiPoint"",""coordinates"":[]}"
00000000000000000023,4,"0,94","7,53",09/27/2022,"5,70",NA,NA,NA,Antonina Bay,"-25,47","-48,64",NA,NA,MauricioNoenberg_UFSC,"1,00",PR,Antonina_09_2022_Z6SI,17:48:00,"12,09","2,89","14,97","11,10",BR_ID_64,"{""type"":""MultiPoint"",""coordinates"":[]}"
00000000000000000024,5,"1,23","13,47",02/11/2022,"8,60",NA,NA,NA,Paranagua Bay,"-25,50","-48,56",NA,NA,MauricioNoenberg_UFSC,"2,20",PR,Paranagua_02_2022_Z10QV,17:50:00,NA,NA,NA,"0,71",BR_ID_2450,"{""type"":""MultiPoint"",""coordinates"":[]}"
00000000000000000026,5,"0,95","15,50",02/11/2022,"5,90",NA,NA,NA,Paranagua Bay,"-25,47","-48,54",NA,NA,MauricioNoenberg_UFSC,"2,20",PR,Paranagua_02_2022_Z11QV,17:05:00,NA,NA,NA,"0,54",BR_ID_2452,"{""type"":""MultiPoint"",""coordinates"":[]}"
00000000000000000028,5,"1,08","11,63",02/11/2022,"9,20",NA,NA,NA,Paranagua Bay,"-25,49","-48,53",NA,NA,MauricioNoenberg_UFSC,"2,60",PR,Paranagua_02_2022_Z12QV,16:20:00,NA,NA,NA,"0,58",BR_ID_2454,"{""type"":""MultiPoint"",""coordinates"":[]}"
0000000000000000002a,5,"1,20","7,94",02/11/2022,"11,30",NA,NA,NA,Paranagua Bay,"-25,49","-48,50",NA,NA,MauricioNoenberg_UFSC,"2,20",PR,Paranagua_02_2022_Z13QV,15:30:00,NA,NA,NA,"0,52",BR_ID_2456,"{""type"":""MultiPoint"",""coordinates"":[]}"
0000000000000000002c,5,"1,13","18,09",02/11/2022,"8,50",NA,NA,NA,Paranagua Bay,"-25,48","-48,62",NA,NA,MauricioNoenberg_UFSC,"1,60",PR,Paranagua_02_2022_Z7QV,20:05:00,NA,NA,NA,"0,99",BR_ID_2458,"{""type"":""MultiPoint"",""coordinates"":[]}"
0000000000000000002e,5,"0,84","20,86",02/11/2022,"4,50",NA,NA,NA,Paranagua Bay,"-25,48","-48,60",NA,NA,MauricioNoenberg_UFSC,"1,60",PR,Paranagua_02_2022_Z8QV,19:25:00,NA,NA,NA,"1,63",BR_ID_2460,"{""type"":""MultiPoint"",""coordinates"":[]}"
00000000000000000030,5,"1,27","17,53",02/11/2022,"7,70",NA,NA,NA,Paranagua Bay,"-25,49","-48,59",NA,NA,MauricioNoenberg_UFSC,"1,80",PR,Paranagua_02_2022_Z9QV,18:34:00,NA,NA,NA,"1,70",BR_ID_2462,"{""type"":""MultiPoint"",""coordinates"":[]}"
00000000000000000025,4,"0,36","8,49",02/16/2022,"8,30",NA,NA,NA,Paranagua Bay,"-25,50","-48,56",NA,NA,MauricioNoenberg_UFSC,"2,60",PR,Paranagua_02_2022_Z10SV,17:22:00,"5,03","2,99","8,03","2,15",BR_ID_2451,"{""type"":""MultiPoint"",""coordinates"":[]}"
00000000000000000027,2,"0,26","4,06",02/16/2022,"6,30",NA,NA,NA,Paranagua Bay,"-25,47","-48,54",NA,NA,MauricioNoenberg_UFSC,"2,00",PR,Paranagua_02_2022_Z11SV,18:15:00,"3,47","2,29","5,76","2,13",BR_ID_2453,"{""type"":""MultiPoint"",""coordinates"":[]}"
00000000000000000029,2,"0,27","7,20",02/16/2022,"10,00",NA,NA,NA,Paranagua Bay,"-25,49","-48,53",NA,NA,MauricioNoenberg_UFSC,"2,00",PR,Paranagua_02_2022_Z12SV,18:45:00,"3,80","2,63","6,43","1,67",BR_ID_2455,"{""type"":""MultiPoint"",""coordinates"":[]}"
0000000000000000002b,2,"0,11","5,17",02/16/2022,"19,60",NA,NA,NA,Paranagua Bay,"-25,49","-48,50",NA,NA,MauricioNoenberg_UFSC,"2,40",PR,Paranagua_02_2022_Z13SV,19:16:00,"3,27","2,09","5,36","1,74",BR_ID_2457,"{""type"":""MultiPoint"",""coordinates"":[]}"
0000000000000000002d,4,"0,37","5,35",02/16/2022,"7,90",NA,NA,NA,Paranagua Bay,"-25,48","-48,62",NA,NA,MauricioNoenberg_UFSC,"1,20",PR,Paranagua_02_2022_Z7SV,15:30:00,"6,70","0,06","6,76","4,62",BR_ID_2459,"{""type"":""MultiPoint"",""coordinates"":[]}"
0000000000000000002f,4,"0,37","9,23",02/16/2022,"3,70",NA,NA,NA,Paranagua Bay,"-25,48","-48,60",NA,NA,MauricioNoenberg_UFSC,"1,00",PR,Paranagua_02_2022_Z8SV,16:08:00,"7,70","2,59","10,29","6,66",BR_ID_2461,"{""type"":""MultiPoint"",""coordinates"":[]}"
00000000000000000031,4,"0,26","5,35",02/16/2022,"7,00",NA,NA,NA,Paranagua Bay,"-25,49","-48,59",NA,NA,MauricioNoenberg_UFSC,"1,60",PR,Paranagua_02_2022_Z9SV,16:40:00,"9,03","2,53","11,56","3,93",BR_ID_2463,"{""type"":""MultiPoint"",""coordinates"":[]}"
00000000000000000032,2,"0,62",NA,07/18/2024,"15,00",NA,NA,NA,Paranagua Bay,"-25,49","-48,50",NA,NA,MauricioNoenberg_UFSC,"1,80",PR,Paranagua_07_2024_VT1,15:05:00,NA,NA,"1,77","2,01",BR_ID_2464,"{""type"":""MultiPoint"",""coordinates"":[]}"
00000000000000000033,2,"0,79",NA,07/18/2024,"6,50",NA,NA,NA,Paranagua Bay,"-25,48","-48,56",NA,NA,MauricioNoenberg_UFSC,"1,20",PR,Paranagua_07_2024_VT10,16:37:00,NA,NA,"6,50","6,09",BR_ID_2465,"{""type"":""MultiPoint"",""coordinates"":[]}"
00000000000000000037,2,"0,77",NA,07/18/2024,"5,50",NA,NA,NA,Paranagua Bay,"-25,50","-48,61",NA,NA,MauricioNoenberg_UFSC,"1,40",PR,Paranagua_07_2024_VT14,17:33:00,NA,NA,"2,99","3,14",BR_ID_2469,"{""type"":""MultiPoint"",""coordinates"":[]}"
00000000000000000038,2,"0,78",NA,07/18/2024,"12,00",NA,NA,NA,Paranagua Bay,"-25,48","-48,61",NA,NA,MauricioNoenberg_UFSC,"1,40",PR,Paranagua_07_2024_VT15,17:51:00,NA,NA,"4,46","4,42",BR_ID_2470,"{""type"":""MultiPoint"",""coordinates"":[]}"
00000000000000000039,4,"0,80",NA,07/18/2024,"4,70",NA,NA,NA,Paranagua Bay,"-25,47","-48,61",NA,NA,MauricioNoenberg_UFSC,"1,40",PR,Paranagua_07_2024_VT16,18:05:00,NA,NA,"4,08","4,10",BR_ID_2471,"{""type"":""MultiPoint"",""coordinates"":[]}"
0000000000000000003c,7,"1,78",NA,07/18/2024,"15,00",NA,NA,NA,Paranagua Bay,"-25,50","-48,51",NA,NA,MauricioNoenberg_UFSC,"1,60",PR,Paranagua_07_2024_VT2,15:39:00,NA,NA,"2,84","3,01",BR_ID_2474,"{""type"":""MultiPoint"",""coordinates"":[]}"
0000000000000000003d,2,"0,54",NA,07/18/2024,"11,20",NA,NA,NA,Paranagua Bay,"-25,49","-48,51",NA,NA,MauricioNoenberg_UFSC,"1,40",PR,Paranagua_07_2024_VT3,15:58:00,NA,NA,"3,37","3,48",BR_ID_2475,"{""type"":""MultiPoint"",""coordinates"":[]}"
0000000000000000003e,4,NA,NA,07/18/2024,"7,40",NA,NA,NA,Paranagua Bay,"-25,47","-48,52",NA,NA,MauricioNoenberg_UFSC,"1,00",PR,Paranagua_07_2024_VT4_1,16:17:00,NA,NA,"10,72","9,35",BR_ID_2476,"{""type"":""MultiPoint"",""coordinates"":[]}"
00000000000000000043,2,"0,97",NA,07/18/2024,"13,50",NA,NA,NA,Paranagua Bay,"-25,50","-48,56",NA,NA,MauricioNoenberg_UFSC,"1,60",PR,Paranagua_07_2024_VT8,17:09:00,NA,NA,"4,77","4,67",BR_ID_2481,"{""type"":""MultiPoint"",""coordinates"":[]}"
00000000000000000044,2,"1,01",NA,07/18/2024,"7,30",NA,NA,NA,Paranagua Bay,"-25,49","-48,56",NA,NA,MauricioNoenberg_UFSC,"1,60",PR,Paranagua_07_2024_VT9,16:56:00,NA,NA,"3,18","3,31",BR_ID_2482,"{""type"":""MultiPoint"",""coordinates"":[]}"
00000000000000000052,7,"1,53",NA,07/22/2024,"12,00",NA,NA,NA,Paranagua Bay,"-25,55","-48,36",NA,NA,MauricioNoenberg_UFSC,"1,20",PR,Pontal_II_07_2024_F3,18:36:00,NA,NA,"5,26","5,09",BR_ID_2567,"{""type"":""MultiPoint"",""coordinates"":[]}"
00000000000000000054,2,"0,54",NA,07/22/2024,"10,00",NA,NA,NA,Paranagua Bay,"-25,53","-48,34",NA,NA,MauricioNoenberg_UFSC,"2,90",PR,Saco_do_Limoeiro_07_2024_F2,18:05:00,NA,NA,"1,24","1,48",BR_ID_2687,"{""type"":""MultiPoint"",""coordinates"":[]}"
00000000000000000034,4,"0,68",NA,07/23/2024,"3,70",NA,NA,NA,Paranagua Bay,"-25,48","-48,59",NA,NA,MauricioNoenberg_UFSC,"0,70",PR,Paranagua_07_2024_VT11,17:34:00,NA,NA,"12,21","10,45",BR_ID_2466,"{""type"":""MultiPoint"",""coordinates"":[]}"
00000000000000000035,4,"1,09",NA,07/23/2024,"5,70",NA,NA,NA,Paranagua Bay,"-25,49","-48,59",NA,NA,MauricioNoenberg_UFSC,"0,80",PR,Paranagua_07_2024_VT12,17:02:00,NA,NA,"7,16","6,62",BR_ID_2467,"{""type"":""MultiPoint"",""coordinates"":[]}"
00000000000000000036,4,"0,93",NA,07/23/2024,"2,00",NA,NA,NA,Paranagua Bay,"-25,50","-48,59",NA,NA,MauricioNoenberg_UFSC,"1,10",PR,Paranagua_07_2024_VT13,16:43:00,NA,NA,"6,90","6,41",BR_ID_2468,"{""type"":""MultiPoint"",""coordinates"":[]}"
0000000000000000003a,4,"0,75",NA,07/23/2024,"2,50",NA,NA,NA,Paranagua Bay,"-25,48","-48,63",NA,NA,MauricioNoenberg_UFSC,"0,80",PR,Paranagua_07_2024_VT17,17:54:00,NA,NA,"11,20","9,70",BR_ID_2472,"{""type"":""MultiPoint"",""coordinates"":[]}"
0000000000000000003b,7,"0,75",NA,07/23/2024,"1,40",NA,NA,NA,Paranagua Bay,"-25,49","-48,63",NA,NA,MauricioNoenberg_UFSC,"0,65",PR,Paranagua_07_2024_VT18,18:15:00,NA,NA,"26,14","20,03",BR_ID_2473,"{""type"":""MultiPoint"",""coordinates"":[]}"
0000000000000000003f,7,"0,81",NA,07/23/2024,"4,50",NA,NA,NA,Paranagua Bay,"-25,47","-48,52",NA,NA,MauricioNoenberg_UFSC,"0,30",PR,Paranagua_07_2024_VT4_2,15:01:00,NA,NA,"104,88","65,72",BR_ID_2477,"{""type"":""MultiPoint"",""coordinates"":[]}"
00000000000000000040,4,"0,73",NA,07/23/2024,"2,60",NA,NA,NA,Paranagua Bay,"-25,47","-48,54",NA,NA,MauricioNoenberg_UFSC,"0,70",PR,Paranagua_07_2024_VT5,15:27:00,NA,NA,"29,04","21,88",BR_ID_2478,"{""type"":""MultiPoint"",""coordinates"":[]}"
00000000000000000041,4,"0,64",NA,07/23/2024,"5,60",NA,NA,NA,Paranagua Bay,"-25,48","-48,54",NA,NA,MauricioNoenberg_UFSC,"0,85",PR,Paranagua_07_2024_VT6,15:50:00,NA,NA,"12,91","10,96",BR_ID_2479,"{""type"":""MultiPoint"",""coordinates"":[]}"
00000000000000000042,4,"0,77",NA,07/23/2024,"14,00",NA,NA,NA,Paranagua Bay,"-25,50","-48,53",NA,NA,MauricioNoenberg_UFSC,"1,20",PR,Paranagua_07_2024_VT7,16:16:00,NA,NA,"7,33","6,75",BR_ID_2480,"{""type"":""MultiPoint"",""coordinates"":[]}"
00000000000000000000,2,"0,42",NA,08/14/2024,"4,20",NA,NA,NA,Paranagua Bay,"-25,46","-48,52",NA,NA,MauricioNoenberg_UFSC,"3,00",PR,"Amparo_08_2024_E3,0",16:43:00,NA,NA,"1,03","1,26",BR_ID_29,"{""type"":""MultiPoint"",""coordinates"":[]}"
00000000000000000051,2,"0,74",NA,08/14/2024,"9,60",NA,NA,NA,Paranagua Bay,"-25,54","-48,36",NA,NA,MauricioNoenberg_UFSC,"3,80",PR,Ponta_do_Poço_08_2024_PP01,19:11:00,NA,NA,"0,49","0,67",BR_ID_2566,"{""type"":""MultiPoint"",""coordinates"":[]}"
00000000000000000053,2,"0,47",NA,08/14/2024,"6,00",NA,NA,NA,Paranagua Bay,"-25,53","-48,36",NA,NA,MauricioNoenberg_UFSC,"5,10",PR,"Saco_do Limoeiro_08_2024_SL3,0",19:36:00,NA,NA,"0,36","0,52",BR_ID_2686,"{""type"":""MultiPoint"",""coordinates"":[]}"
00000000000000000047,2,"0,58","7,20",09/19/2022,"7,90",NA,NA,NA,Paranagua Bay,"-25,49","-48,53",NA,NA,MauricioNoenberg_UFSC,"3,00",PR,Paranagua_09_2022_Z12QI,16:44:00,"7,82","2,83","10,65","1,38",BR_ID_2485,"{""type"":""MultiPoint"",""coordinates"":[]}"
00000000000000000049,2,"0,72","5,76",09/19/2022,"13,90",NA,NA,NA,Paranagua Bay,"-25,49","-48,50",NA,NA,MauricioNoenberg_UFSC,"2,60",PR,Paranagua_09_2022_Z13QI,15:52:00,NA,NA,NA,"1,85",BR_ID_2487,"{""type"":""MultiPoint"",""coordinates"":[]}"
00000000000000000045,2,"1,23","4,10",09/20/2022,"8,80",NA,NA,NA,Paranagua Bay,"-25,50","-48,56",NA,NA,MauricioNoenberg_UFSC,"3,00",PR,Paranagua_09_2022_Z10QI,17:44:00,NA,NA,NA,"1,18",BR_ID_2483,"{""type"":""MultiPoint"",""coordinates"":[]}"
00000000000000000046,2,"0,95","5,76",09/20/2022,"6,30",NA,NA,NA,Paranagua Bay,"-25,47","-48,54",NA,NA,MauricioNoenberg_UFSC,"2,60",PR,Paranagua_09_2022_Z11QI,18:34:00,"1,76","1,51","3,27","1,14",BR_ID_2484,"{""type"":""MultiPoint"",""coordinates"":[]}"
0000000000000000004c,4,"1,20","4,54",09/20/2022,"8,50",NA,NA,NA,Paranagua Bay,"-25,48","-48,62",NA,NA,MauricioNoenberg_UFSC,"2,20",PR,Paranagua_09_2022_Z7QI,15:54:00,"2,88","1,07","3,95","2,83",BR_ID_2490,"{""type"":""MultiPoint"",""coordinates"":[]}"
0000000000000000004d,4,"0,90","8,75",09/20/2022,"4,40",NA,NA,NA,Paranagua Bay,"-25,48","-48,60",NA,NA,MauricioNoenberg_UFSC,"2,20",PR,Paranagua_09_2022_Z8QI,16:30:00,"4,36","0,55","4,91","2,13",BR_ID_2491,"{""type"":""MultiPoint"",""coordinates"":[]}"
0000000000000000004f,4,"1,27","6,53",09/20/2022,"7,40",NA,NA,NA,Paranagua Bay,"-25,49","-48,59",NA,NA,MauricioNoenberg_UFSC,"2,60",PR,Paranagua_09_2022_Z9QI,17:05:00,"2,50","0,67","3,17","1,69",BR_ID_2493,"{""type"":""MultiPoint"",""coordinates"":[]}"
00000000000000000048,4,"1,22","7,42",09/27/2022,"8,80",NA,NA,NA,Paranagua Bay,"-25,49","-48,53",NA,NA,MauricioNoenberg_UFSC,"1,40",PR,Paranagua_09_2022_Z12SI,19:30:00,"7,37","2,07","9,43","5,81",BR_ID_2486,"{""type"":""MultiPoint"",""coordinates"":[]}"
0000000000000000004a,3,NA,"2,55",09/27/2022,"16,10",NA,NA,NA,Paranagua Bay,"-25,54","-48,36",NA,NA,MauricioNoenberg_UFSC,"2,80",PR,Paranagua_09_2022_Z14QI,20:30:00,"3,01","0,94","3,95","1,76",BR_ID_2488,"{""type"":""MultiPoint"",""coordinates"":[]}"
0000000000000000004b,3,"0,57","4,32",09/27/2022,"17,90",NA,NA,NA,Paranagua Bay,"-25,54","-48,36",NA,NA,MauricioNoenberg_UFSC,"2,20",PR,Paranagua_09_2022_Z14SI,20:30:00,"4,35","0,53","4,87","2,58",BR_ID_2489,"{""type"":""MultiPoint"",""coordinates"":[]}"
0000000000000000004e,7,"0,83","10,08",09/27/2022,"4,10",NA,NA,NA,Paranagua Bay,"-25,48","-48,60",NA,NA,MauricioNoenberg_UFSC,"0,40",PR,Paranagua_09_2022_Z8SI,18:27:00,"72,78","11,98","84,76","60,63",BR_ID_2492,"{""type"":""MultiPoint"",""coordinates"":[]}"
00000000000000000050,4,"0,93","9,63",09/27/2022,"6,60",NA,NA,NA,Paranagua Bay,"-25,49","-48,59",NA,NA,MauricioNoenberg_UFSC,"1,00",PR,Paranagua_09_2022_Z9SI,18:47:00,"15,01","3,03","18,03","12,46",BR_ID_2494,"{""type"":""MultiPoint"",""coordinates"":[]}"
